frame_id,posicao,score,camera_id,camera_name,posicao_na_galeria,captured_at,r2_key,visibilidade,densidade,contexto,n_pessoas,n_anotaveis,altura_max_px,rajada,dup_rajada,acima_da_cota,criterio
511851f1-f13a-49f3-aecc-4a75ed30748c,1,0.9962,c130d032-4a3a-4d09-ac77-c3121a03a6a7,Espaço de convivência,82,2026-09-01T13:00:02+00:00,training-images/63c219d8-fbef-4f3c-a7c9-058c742482e2/nvr/e0c906a9-1b0a-4f3e-b299-715202e28b08/4198a264-f506-4d6d-a13b-449a4a792341.jpg,1.0000,0.9848,1.0000,12,7,546,64,nao,nao,vis0.55+den0.25+ctx0.2
bf563947-51a8-41f7-bb22-dbaf0ff57b40,2,0.9874,c130d032-4a3a-4d09-ac77-c3121a03a6a7,Espaço de convivência,77,2026-09-01T13:40:05.500000+00:00,training-images/63c219d8-fbef-4f3c-a7c9-058c742482e2/nvr/e0c906a9-1b0a-4f3e-b299-715202e28b08/137322f6-f8bb-43ec-82e9-2ec889a9869b.jpg,1.0000,0.9497,1.0000,7,5,543,66,nao,nao,vis0.55+den0.25+ctx0.2
156cc3cd-fef4-4cb6-8fda-f6931c1dfcac,3,0.9584,c130d032-4a3a-4d09-ac77-c3121a03a6a7,Espaço de convivência,87,2026-09-01T12:20:04.500000+00:00,training-images/63c219d8-fbef-4f3c-a7c9-058c742482e2/nvr/e0c906a9-1b0a-4f3e-b299-715202e28b08/ea476dbc-4685-49b9-a75d-19d44fbc1999.jpg,1.0000,0.8336,1.0000,6,3,458,63,nao,nao,vis0.55+den0.25+ctx0.2
b14ccf79-c824-4f57-a4ba-727980ff83f0,4,0.9397,c130d032-4a3a-4d09-ac77-c3121a03a6a7,Espaço de convivência,75,2026-09-01T14:20:00.500000+00:00,training-images/63c219d8-fbef-4f3c-a7c9-058c742482e2/nvr/e0c906a9-1b0a-4f3e-b299-715202e28b08/4cd53fb8-47ae-42e4-a611-510d6b69eca7.jpg,1.0000,0.9986,0.7000,13,11,577,67,nao,nao,vis0.55+den0.25+ctx0.2
48de1bd9-c736-4959-afb8-c166aa046bb7,5,0.9362,c130d032-4a3a-4d09-ac77-c3121a03a6a7,Espaço de convivência,19,2026-09-02T14:20:00+00:00,training-images/63c219d8-fbef-4f3c-a7c9-058c742482e2/nvr/e0c906a9-1b0a-4f3e-b299-715202e28b08/70b75742-cd9b-42da-9be2-f92858fd1a1a.jpg,1.0000,0.9848,0.7000,11,7,453,80,nao,nao,vis0.55+den0.25+ctx0.2
1ee8e2b5-379d-44d3-a640-0f2daba65dfc,6,0.9307,c130d032-4a3a-4d09-ac77-c3121a03a6a7,Espaço de convivência,79,2026-09-01T13:40:00+00:00,training-images/63c219d8-fbef-4f3c-a7c9-058c742482e2/nvr/e0c906a9-1b0a-4f3e-b299-715202e28b08/2bc8a7c0-08cc-4a21-a07e-e0fb1aa124a7.jpg,0.8810,0.9848,1.0000,11,7,370,65,nao,nao,vis0.55+den0.25+ctx0.2
49d12bc2-6423-4273-a416-09b28b7be486,7,0.8904,7abbe027-85e3-474e-a273-8c06e485cf2d,Entrada Usinagem Madeira 2,101,2026-09-01T11:40:04.500000+00:00,training-images/63c219d8-fbef-4f3c-a7c9-058c742482e2/nvr/e0c906a9-1b0a-4f3e-b299-715202e28b08/e5f71105-92dc-45c0-b1fe-9b9d11d5536d.jpg,0.9690,0.9497,0.6000,5,5,407,15,nao,nao,vis0.55+den0.25+ctx0.2
54907eda-997a-4b90-afa6-d4d204286b17,8,0.8784,7abbe027-85e3-474e-a273-8c06e485cf2d,Entrada Usinagem Madeira 2,6,2026-09-02T16:20:00+00:00,training-images/63c219d8-fbef-4f3c-a7c9-058c742482e2/nvr/e0c906a9-1b0a-4f3e-b299-715202e28b08/e83a2dad-2e16-43ea-bad2-3f11bde0be4c.jpg,1.0000,0.8336,0.6000,6,3,543,32,nao,nao,vis0.55+den0.25+ctx0.2
ad60941b-6be3-4d13-aa50-abbeee909d43,9,0.8784,80bad150-7315-4706-b606-e5d356467ae4,Entrada Preparação,10,2026-09-01T11:40:00+00:00,training-images/63c219d8-fbef-4f3c-a7c9-058c742482e2/nvr/e0c906a9-1b0a-4f3e-b299-715202e28b08/c375d797-63e8-44e9-8cb2-76ca668282e5.jpg,1.0000,0.8336,0.6000,4,3,630,35,nao,nao,vis0.55+den0.25+ctx0.2
cf1b113c-7b2e-4be6-af2e-1dde00c7f778,10,0.8784,eb1501db-82ad-485a-a441-5c665b4e5a28,Entrada Expedição,17,2026-09-01T07:40:02.500000+00:00,training-images/63c219d8-fbef-4f3c-a7c9-058c742482e2/nvr/e0c906a9-1b0a-4f3e-b299-715202e28b08/eaa116cb-96c4-4883-b077-9aceef104e78.jpg,1.0000,0.8336,0.6000,4,3,732,82,nao,nao,vis0.55+den0.25+ctx0.2
28cce72c-820f-4c0c-840f-ea10de308245,11,0.8784,eb1501db-82ad-485a-a441-5c665b4e5a28,Entrada Expedição,36,2026-09-02T16:13:38.966172+00:00,training-images/63c219d8-fbef-4f3c-a7c9-058c742482e2/nvr/e0c906a9-1b0a-4f3e-b299-715202e28b08/47ed6106-e025-4c94-a771-2927f8522c43.jpg,1.0000,0.8336,0.6000,4,3,732,88,nao,nao,vis0.55+den0.25+ctx0.2
e0e9ded5-00db-48ce-a933-a055b6a81d93,12,0.8772,c130d032-4a3a-4d09-ac77-c3121a03a6a7,Espaço de convivência,21,2026-09-02T13:40:03+00:00,training-images/63c219d8-fbef-4f3c-a7c9-058c742482e2/nvr/e0c906a9-1b0a-4f3e-b299-715202e28b08/e8eaf34f-d5c8-4eaa-81bc-bb6a8a1d8efc.jpg,0.8524,0.8336,1.0000,7,3,358,79,nao,nao,vis0.55+den0.25+ctx0.2
53ea1749-fb91-4959-ba1b-12f5a33230d1,13,0.8714,80bad150-7315-4706-b606-e5d356467ae4,Entrada Preparação,5,2026-09-02T09:40:00+00:00,training-images/63c219d8-fbef-4f3c-a7c9-058c742482e2/nvr/e0c906a9-1b0a-4f3e-b299-715202e28b08/05e3c4e8-a656-4506-a1e7-5de6e087e6be.jpg,1.0000,0.9497,0.4200,5,5,634,39,nao,nao,vis0.55+den0.25+ctx0.2
1c04507a-2f2d-4733-853c-5b97bb2c3f5b,14,0.8644,c130d032-4a3a-4d09-ac77-c3121a03a6a7,Espaço de convivência,41,2026-09-02T09:00:02.500000+00:00,training-images/63c219d8-fbef-4f3c-a7c9-058c742482e2/nvr/e0c906a9-1b0a-4f3e-b299-715202e28b08/97fe63a5-276c-42bb-8aac-e128be20508f.jpg,1.0000,0.6975,0.7000,4,2,441,72,nao,nao,vis0.55+den0.25+ctx0.2
8c03ff20-ea8c-4490-8917-76dd9b3622cf,15,0.8627,7abbe027-85e3-474e-a273-8c06e485cf2d,Entrada Usinagem Madeira 2,46,2026-09-02T08:20:04+00:00,training-images/63c219d8-fbef-4f3c-a7c9-058c742482e2/nvr/e0c906a9-1b0a-4f3e-b299-715202e28b08/09266d65-96a8-4157-a5a3-fb061a3c7e8e.jpg,0.9714,0.8336,0.6000,4,3,408,21,nao,nao,vis0.55+den0.25+ctx0.2
d955e144-9122-402f-9d1c-44323790dc79,16,0.8611,7abbe027-85e3-474e-a273-8c06e485cf2d,Entrada Usinagem Madeira 2,126,2026-09-01T10:20:03.500000+00:00,training-images/63c219d8-fbef-4f3c-a7c9-058c742482e2/nvr/e0c906a9-1b0a-4f3e-b299-715202e28b08/78cf8b5b-ef7a-4c6e-9278-e8a3ad75f4e1.jpg,1.0000,0.9085,0.4200,4,4,568,13,nao,nao,vis0.55+den0.25+ctx0.2
fbedf74a-a68f-4366-b81a-a4d91b6c97f7,17,0.8611,80bad150-7315-4706-b606-e5d356467ae4,Entrada Preparação,2,2026-09-02T14:20:00+00:00,training-images/63c219d8-fbef-4f3c-a7c9-058c742482e2/nvr/e0c906a9-1b0a-4f3e-b299-715202e28b08/f3c530cb-8599-4ee0-add8-9fd3be830e05.jpg,1.0000,0.9085,0.4200,5,4,516,41,nao,nao,vis0.55+den0.25+ctx0.2
730398da-12e5-4ff3-96bc-75af921e5ae8,18,0.8573,c130d032-4a3a-4d09-ac77-c3121a03a6a7,Espaço de convivência,44,2026-09-02T08:20:03.500000+00:00,training-images/63c219d8-fbef-4f3c-a7c9-058c742482e2/nvr/e0c906a9-1b0a-4f3e-b299-715202e28b08/13086b05-70db-42ae-acbe-5d45d76da59d.jpg,0.9905,0.4500,1.0000,2,1,416,70,nao,nao,vis0.55+den0.25+ctx0.2
faf41c23-0bd8-4917-b0ff-941c1ef381e3,19,0.8520,969102c5-4ebc-4ba0-9f86-48e314493f55,Entrada WC Usinagem Papelão,50,2026-09-01T14:20:00.500000+00:00,training-images/63c219d8-fbef-4f3c-a7c9-058c742482e2/nvr/e0c906a9-1b0a-4f3e-b299-715202e28b08/eafaafc3-461e-4390-8a28-d9aa33970f0e.jpg,0.9833,0.9085,0.4200,4,4,413,45,nao,nao,vis0.55+den0.25+ctx0.2
8493b902-4d19-4b6d-96a5-9cea86b5c5c1,20,0.8444,27e0245c-9a14-45fe-8662-d478b5f793d1,Entrada Expedição 02,4,2026-09-02T07:00:00+00:00,training-images/63c219d8-fbef-4f3c-a7c9-058c742482e2/nvr/e0c906a9-1b0a-4f3e-b299-715202e28b08/1dd5299f-41ba-4570-80a4-1a8c1a6a42b9.jpg,1.0000,0.6975,0.6000,2,2,495,5,nao,nao,vis0.55+den0.25+ctx0.2
7caf945f-cd88-4839-b4b4-936b01496e2f,21,0.8444,7abbe027-85e3-474e-a273-8c06e485cf2d,Entrada Usinagem Madeira 2,117,2026-09-01T11:00:02+00:00,training-images/63c219d8-fbef-4f3c-a7c9-058c742482e2/nvr/e0c906a9-1b0a-4f3e-b299-715202e28b08/b67f637a-698f-48e4-b9e5-3fff2ca1b0f4.jpg,1.0000,0.6975,0.6000,3,2,440,14,nao,nao,vis0.55+den0.25+ctx0.2
96953668-eaf9-466a-a7f1-00585973b14f,22,0.8444,7abbe027-85e3-474e-a273-8c06e485cf2d,Entrada Usinagem Madeira 2,59,2026-09-01T16:20:04.500000+00:00,training-images/63c219d8-fbef-4f3c-a7c9-058c742482e2/nvr/e0c906a9-1b0a-4f3e-b299-715202e28b08/a32de4ba-4ad3-4c18-a7c0-18726a3a673d.jpg,1.0000,0.6975,0.6000,5,2,491,19,nao,nao,vis0.55+den0.25+ctx0.2
049e98b9-a0ef-4a0d-a745-b1cb52b73c38,23,0.8444,7abbe027-85e3-474e-a273-8c06e485cf2d,Entrada Usinagem Madeira 2,151,2026-09-02T16:15:44.372165+00:00,training-images/63c219d8-fbef-4f3c-a7c9-058c742482e2/nvr/e0c906a9-1b0a-4f3e-b299-715202e28b08/9f55d0d3-9966-4721-9800-27481c9e9ab7.jpg,1.0000,0.6975,0.6000,2,2,496,31,nao,nao,vis0.55+den0.25+ctx0.2
2a1495bd-36dd-4ee5-913c-2b665866bea4,24,0.8444,80bad150-7315-4706-b606-e5d356467ae4,Entrada Preparação,17,2026-09-01T07:00:00+00:00,training-images/63c219d8-fbef-4f3c-a7c9-058c742482e2/nvr/e0c906a9-1b0a-4f3e-b299-715202e28b08/35dc2396-14dc-4348-b3ea-117bd0596196.jpg,1.0000,0.6975,0.6000,2,2,491,33,nao,nao,vis0.55+den0.25+ctx0.2
cb6d748e-2001-4451-9725-428248367346,25,0.8444,969102c5-4ebc-4ba0-9f86-48e314493f55,Entrada WC Usinagem Papelão,75,2026-09-01T08:20:03.500000+00:00,training-images/63c219d8-fbef-4f3c-a7c9-058c742482e2/nvr/e0c906a9-1b0a-4f3e-b299-715202e28b08/bf367a3b-5cc4-439a-8f31-7c3c1a0183c3.jpg,1.0000,0.6975,0.6000,2,2,486,42,nao,nao,vis0.55+den0.25+ctx0.2
1f023c65-1209-4a18-91f3-13fb22e06c9e,26,0.8444,969102c5-4ebc-4ba0-9f86-48e314493f55,Entrada WC Usinagem Papelão,57,2026-09-01T11:00:00+00:00,training-images/63c219d8-fbef-4f3c-a7c9-058c742482e2/nvr/e0c906a9-1b0a-4f3e-b299-715202e28b08/1fb2cb80-2dad-4c8e-b009-3e9da492119d.jpg,1.0000,0.6975,0.6000,2,2,427,44,nao,nao,vis0.55+den0.25+ctx0.2
4659ab49-f195-483c-bba2-505ab36335b5,27,0.8444,969102c5-4ebc-4ba0-9f86-48e314493f55,Entrada WC Usinagem Papelão,36,2026-09-02T08:20:02.500000+00:00,training-images/63c219d8-fbef-4f3c-a7c9-058c742482e2/nvr/e0c906a9-1b0a-4f3e-b299-715202e28b08/07380947-0f47-4154-92c2-f0206acd5078.jpg,1.0000,0.6975,0.6000,3,2,541,49,nao,nao,vis0.55+den0.25+ctx0.2
b2f0790e-aabe-405c-a6d6-672ea73b5493,28,0.8444,969102c5-4ebc-4ba0-9f86-48e314493f55,Entrada WC Usinagem Papelão,22,2026-09-02T11:00:05+00:00,training-images/63c219d8-fbef-4f3c-a7c9-058c742482e2/nvr/e0c906a9-1b0a-4f3e-b299-715202e28b08/fe411fd8-ca1e-4f9d-a542-a03ff9163579.jpg,1.0000,0.6975,0.6000,3,2,477,52,nao,nao,vis0.55+den0.25+ctx0.2
4cde274b-e339-442a-87c1-b6e7b6543e28,29,0.8424,2a683620-34e0-4cf7-a8ae-5893aa11381a,Entrada Usinagem Madeira 01,13,2026-09-01T14:20:02.500000+00:00,training-images/63c219d8-fbef-4f3c-a7c9-058c742482e2/nvr/e0c906a9-1b0a-4f3e-b299-715202e28b08/8361e82c-0c5e-40a9-9893-0c80c19763da.jpg,1.0000,0.8336,0.4200,3,3,657,8,nao,nao,vis0.55+den0.25+ctx0.2
07582ee9-e32c-4a14-8885-44343f667993,30,0.8424,7abbe027-85e3-474e-a273-8c06e485cf2d,Entrada Usinagem Madeira 2,79,2026-09-01T15:40:00+00:00,training-images/63c219d8-fbef-4f3c-a7c9-058c742482e2/nvr/e0c906a9-1b0a-4f3e-b299-715202e28b08/82ef0f5a-e792-48b2-90a2-d2bd3687f7ef.jpg,1.0000,0.8336,0.4200,4,3,528,18,nao,nao,vis0.55+den0.25+ctx0.2
7f084211-8911-48c5-9648-4c79b567986e,31,0.8424,7abbe027-85e3-474e-a273-8c06e485cf2d,Entrada Usinagem Madeira 2,15,2026-09-02T14:20:04.500000+00:00,training-images/63c219d8-fbef-4f3c-a7c9-058c742482e2/nvr/e0c906a9-1b0a-4f3e-b299-715202e28b08/1e7fa53c-31d3-42ab-855f-25046f04dd4c.jpg,1.0000,0.8336,0.4200,4,3,667,26,nao,nao,vis0.55+den0.25+ctx0.2
64726cf4-630d-4e15-9796-1ebc4eaf7e16,32,0.8424,80bad150-7315-4706-b606-e5d356467ae4,Entrada Preparação,13,2026-09-01T09:40:00+00:00,training-images/63c219d8-fbef-4f3c-a7c9-058c742482e2/nvr/e0c906a9-1b0a-4f3e-b299-715202e28b08/8758486b-9f40-44a8-a09e-f5ba7368e050.jpg,1.0000,0.8336,0.4200,3,3,600,34,nao,nao,vis0.55+den0.25+ctx0.2
e3b7907e-538a-4e2a-96a9-fbbf399f0a48,33,0.8084,2a683620-34e0-4cf7-a8ae-5893aa11381a,Entrada Usinagem Madeira 01,5,2026-09-02T14:20:00+00:00,training-images/63c219d8-fbef-4f3c-a7c9-058c742482e2/nvr/e0c906a9-1b0a-4f3e-b299-715202e28b08/49fdee1d-9550-4023-bb64-361d43934ec2.jpg,1.0000,0.6975,0.4200,2,2,564,10,nao,nao,vis0.55+den0.25+ctx0.2
d77241ef-73b8-4888-a7f4-04d60c317bad,34,0.8084,7abbe027-85e3-474e-a273-8c06e485cf2d,Entrada Usinagem Madeira 2,87,2026-09-01T15:00:00+00:00,training-images/63c219d8-fbef-4f3c-a7c9-058c742482e2/nvr/e0c906a9-1b0a-4f3e-b299-715202e28b08/3660d068-574c-42a1-95db-47e4787e982c.jpg,1.0000,0.6975,0.4200,3,2,539,17,nao,nao,vis0.55+den0.25+ctx0.2
cb6a52a9-fa7e-4bae-967a-3fd616d47294,35,0.8084,80bad150-7315-4706-b606-e5d356467ae4,Entrada Preparação,9,2026-09-01T14:20:00+00:00,training-images/63c219d8-fbef-4f3c-a7c9-058c742482e2/nvr/e0c906a9-1b0a-4f3e-b299-715202e28b08/1c6bffde-f7ce-4340-a814-1fc6e60ff28a.jpg,1.0000,0.6975,0.4200,2,2,542,36,nao,nao,vis0.55+den0.25+ctx0.2
9bd32187-882c-454f-8aed-76e64f95690c,36,0.8025,c130d032-4a3a-4d09-ac77-c3121a03a6a7,Espaço de convivência,60,2026-09-01T15:00:03.500000+00:00,training-images/63c219d8-fbef-4f3c-a7c9-058c742482e2/nvr/e0c906a9-1b0a-4f3e-b299-715202e28b08/80eb266a-e0bb-4e72-9f50-2b9cdd8964d8.jpg,1.0000,0.4500,0.7000,2,1,478,68,nao,nao,vis0.55+den0.25+ctx0.2
c41ab86d-db93-4540-a2b1-2190c80ce8fe,37,0.8025,c130d032-4a3a-4d09-ac77-c3121a03a6a7,Espaço de convivência,42,2026-09-02T09:00:00+00:00,training-images/63c219d8-fbef-4f3c-a7c9-058c742482e2/nvr/e0c906a9-1b0a-4f3e-b299-715202e28b08/0e1aeab1-4597-4bd0-8ce8-6e252d66fb0f.jpg,1.0000,0.4500,0.7000,4,1,434,71,nao,nao,vis0.55+den0.25+ctx0.2
dfd6c917-39b2-49de-bfee-a41860740414,38,0.8025,c130d032-4a3a-4d09-ac77-c3121a03a6a7,Espaço de convivência,7,2026-09-02T15:00:00+00:00,training-images/63c219d8-fbef-4f3c-a7c9-058c742482e2/nvr/e0c906a9-1b0a-4f3e-b299-715202e28b08/c57d23ba-7b76-49e3-8f10-71c91b182a28.jpg,1.0000,0.4500,0.7000,1,1,469,81,nao,nao,vis0.55+den0.25+ctx0.2
fee40c4f-86cf-4ac4-9313-a7e93e24254b,39,0.7881,c130d032-4a3a-4d09-ac77-c3121a03a6a7,Espaço de convivência,36,2026-09-02T10:20:04+00:00,training-images/63c219d8-fbef-4f3c-a7c9-058c742482e2/nvr/e0c906a9-1b0a-4f3e-b299-715202e28b08/5e10d619-4f35-4f64-ae23-34135583990a.jpg,0.9738,0.4500,0.7000,4,1,409,75,nao,nao,vis0.55+den0.25+ctx0.2
aa0d5d4b-d655-4fc6-aa48-40d2d2c13cf2,40,0.7825,2a683620-34e0-4cf7-a8ae-5893aa11381a,Entrada Usinagem Madeira 01,1,2026-09-02T16:20:00+00:00,training-images/63c219d8-fbef-4f3c-a7c9-058c742482e2/nvr/e0c906a9-1b0a-4f3e-b299-715202e28b08/fb4d1ad0-b28a-4d9a-bbe6-f4d4967c9520.jpg,1.0000,0.4500,0.6000,1,1,630,11,nao,nao,vis0.55+den0.25+ctx0.2
0e86c0d6-88ae-47c9-b8d2-baa56bd3f6e5,41,0.7825,969102c5-4ebc-4ba0-9f86-48e314493f55,Entrada WC Usinagem Papelão,18,2026-09-02T12:20:01.500000+00:00,training-images/63c219d8-fbef-4f3c-a7c9-058c742482e2/nvr/e0c906a9-1b0a-4f3e-b299-715202e28b08/61aa41c0-826f-4228-a830-15573e2c67e9.jpg,1.0000,0.4500,0.6000,1,1,561,53,nao,nao,vis0.55+den0.25+ctx0.2
b21df089-cf1a-40f5-88d8-f234125335c0,42,0.7825,eb1501db-82ad-485a-a441-5c665b4e5a28,Entrada Expedição,8,2026-09-01T11:40:01+00:00,training-images/63c219d8-fbef-4f3c-a7c9-058c742482e2/nvr/e0c906a9-1b0a-4f3e-b299-715202e28b08/8de7f95d-81fe-488a-9043-dfaa1101b978.jpg,1.0000,0.4500,0.6000,1,1,427,84,nao,nao,vis0.55+den0.25+ctx0.2
2e0149ab-6259-407d-b4cf-e2ecc2903948,43,0.7825,eb1501db-82ad-485a-a441-5c665b4e5a28,Entrada Expedição,39,2026-09-02T16:13:34.319235+00:00,training-images/63c219d8-fbef-4f3c-a7c9-058c742482e2/nvr/e0c906a9-1b0a-4f3e-b299-715202e28b08/fb992166-c69a-4409-9bd8-a56b55663571.jpg,1.0000,0.4500,0.6000,2,1,741,87,nao,nao,vis0.55+den0.25+ctx0.2
808fd2fb-3c83-4f43-8cc7-0c5f073e0492,44,0.7825,eb1501db-82ad-485a-a441-5c665b4e5a28,Entrada Expedição,29,2026-09-02T16:14:13.812793+00:00,training-images/63c219d8-fbef-4f3c-a7c9-058c742482e2/nvr/e0c906a9-1b0a-4f3e-b299-715202e28b08/f5781f96-f52b-47b0-99a0-5400e5cc24d1.jpg,1.0000,0.4500,0.6000,1,1,596,89,nao,nao,vis0.55+den0.25+ctx0.2
441dcb0d-226c-40e3-9897-b997a4fbe363,45,0.7825,eb1501db-82ad-485a-a441-5c665b4e5a28,Entrada Expedição,26,2026-09-02T16:14:18.156621+00:00,training-images/63c219d8-fbef-4f3c-a7c9-058c742482e2/nvr/e0c906a9-1b0a-4f3e-b299-715202e28b08/4a65599c-9d22-472f-a40a-a45c1bc19c91.jpg,1.0000,0.4500,0.6000,1,1,862,90,nao,nao,vis0.55+den0.25+ctx0.2
56cb21de-cc81-45d0-8805-1193a28ca278,46,0.7757,c130d032-4a3a-4d09-ac77-c3121a03a6a7,Espaço de convivência,104,2026-09-01T09:40:02.500000+00:00,training-images/63c219d8-fbef-4f3c-a7c9-058c742482e2/nvr/e0c906a9-1b0a-4f3e-b299-715202e28b08/d51c1b68-c4d9-4911-9b5a-70de772d315a.jpg,0.7429,0.9085,0.7000,9,4,312,60,nao,nao,vis0.55+den0.25+ctx0.2
afc1f602-7126-4b14-a90a-25a5ca0fada0,47,0.7465,27e0245c-9a14-45fe-8662-d478b5f793d1,Entrada Expedição 02,3,2026-09-02T09:40:01.500000+00:00,training-images/63c219d8-fbef-4f3c-a7c9-058c742482e2/nvr/e0c906a9-1b0a-4f3e-b299-715202e28b08/c31d0953-0747-4eb8-98d7-6f4873ca4ae9.jpg,1.0000,0.4500,0.4200,1,1,436,6,nao,nao,vis0.55+den0.25+ctx0.2
9ce6c333-caba-4012-bf08-5f7348045e26,48,0.7465,27e0245c-9a14-45fe-8662-d478b5f793d1,Entrada Expedição 02,1,2026-09-02T15:40:00+00:00,training-images/63c219d8-fbef-4f3c-a7c9-058c742482e2/nvr/e0c906a9-1b0a-4f3e-b299-715202e28b08/af287d0c-0c37-4976-b512-9ef4f5fc70ab.jpg,1.0000,0.4500,0.4200,1,1,764,7,nao,nao,vis0.55+den0.25+ctx0.2
5ebaf12f-b5a0-4c57-a03c-ec3fbdcf3b25,49,0.7465,2a683620-34e0-4cf7-a8ae-5893aa11381a,Entrada Usinagem Madeira 01,7,2026-09-02T09:00:01+00:00,training-images/63c219d8-fbef-4f3c-a7c9-058c742482e2/nvr/e0c906a9-1b0a-4f3e-b299-715202e28b08/32bcd3cc-debd-4a58-9d3a-12824bf6a0ac.jpg,1.0000,0.4500,0.4200,1,1,787,9,nao,nao,vis0.55+den0.25+ctx0.2
64495a51-4ab0-4326-a860-80d6ac48dd63,50,0.7465,7abbe027-85e3-474e-a273-8c06e485cf2d,Entrada Usinagem Madeira 2,35,2026-09-02T10:20:04.500000+00:00,training-images/63c219d8-fbef-4f3c-a7c9-058c742482e2/nvr/e0c906a9-1b0a-4f3e-b299-715202e28b08/9fa9d471-f2d6-4c98-bc4e-bcbd4fdd4016.jpg,1.0000,0.4500,0.4200,1,1,578,24,nao,nao,vis0.55+den0.25+ctx0.2
2acf7fc1-841b-4c9b-a70a-839bb7fab4b6,51,0.7465,7abbe027-85e3-474e-a273-8c06e485cf2d,Entrada Usinagem Madeira 2,13,2026-09-02T15:40:00.500000+00:00,training-images/63c219d8-fbef-4f3c-a7c9-058c742482e2/nvr/e0c906a9-1b0a-4f3e-b299-715202e28b08/42f337b9-e955-4055-a29a-4b130833ff45.jpg,1.0000,0.4500,0.4200,1,1,458,27,nao,nao,vis0.55+den0.25+ctx0.2
7097ab25-e7ad-4155-8ed1-dcc79ce24cbd,52,0.7465,969102c5-4ebc-4ba0-9f86-48e314493f55,Entrada WC Usinagem Papelão,63,2026-09-01T10:20:01.500000+00:00,training-images/63c219d8-fbef-4f3c-a7c9-058c742482e2/nvr/e0c906a9-1b0a-4f3e-b299-715202e28b08/e4948e9c-3411-4026-9912-a63fed8ef377.jpg,1.0000,0.4500,0.4200,2,1,468,43,nao,nao,vis0.55+den0.25+ctx0.2
fc7c1fcb-efc4-43e0-b070-bac984c09970,53,0.7465,969102c5-4ebc-4ba0-9f86-48e314493f55,Entrada WC Usinagem Papelão,6,2026-09-02T15:40:00.500000+00:00,training-images/63c219d8-fbef-4f3c-a7c9-058c742482e2/nvr/e0c906a9-1b0a-4f3e-b299-715202e28b08/5ae4bae6-d7c8-4116-ab13-ce210cd121a3.jpg,1.0000,0.4500,0.4200,1,1,469,56,nao,nao,vis0.55+den0.25+ctx0.2
dd72fb2a-5453-4238-b4a9-d5e3dccbe140,54,0.7386,80bad150-7315-4706-b606-e5d356467ae4,Entrada Preparação,8,2026-09-01T15:00:00+00:00,training-images/63c219d8-fbef-4f3c-a7c9-058c742482e2/nvr/e0c906a9-1b0a-4f3e-b299-715202e28b08/c4db31eb-039b-4006-b6cd-64bc705056f2.jpg,0.9857,0.4500,0.4200,2,1,414,37,nao,nao,vis0.55+den0.25+ctx0.2
c7ce1c2f-7005-445d-9384-00af8a0518d9,55,0.7383,7abbe027-85e3-474e-a273-8c06e485cf2d,Entrada Usinagem Madeira 2,30,2026-09-02T11:40:00+00:00,training-images/63c219d8-fbef-4f3c-a7c9-058c742482e2/nvr/e0c906a9-1b0a-4f3e-b299-715202e28b08/393be8af-9121-49b5-88fd-32052efbcbe3.jpg,0.7452,0.8336,0.6000,5,3,313,25,nao,nao,vis0.55+den0.25+ctx0.2
6cbb2d6e-5dad-444b-9625-e7c3e2c26c7a,56,0.7321,c130d032-4a3a-4d09-ac77-c3121a03a6a7,Espaço de convivência,109,2026-09-01T09:00:00+00:00,training-images/63c219d8-fbef-4f3c-a7c9-058c742482e2/nvr/e0c906a9-1b0a-4f3e-b299-715202e28b08/8d5ef678-50fe-4488-a51c-ac2fc7eaad7d.jpg,0.7595,0.6975,0.7000,4,2,319,59,nao,nao,vis0.55+den0.25+ctx0.2
e4e71f2c-1ea1-4713-8dbf-851f31b8128c,57,0.7295,c130d032-4a3a-4d09-ac77-c3121a03a6a7,Espaço de convivência,102,2026-09-01T10:20:00.500000+00:00,training-images/63c219d8-fbef-4f3c-a7c9-058c742482e2/nvr/e0c906a9-1b0a-4f3e-b299-715202e28b08/0bcef1f8-1e2c-4ec5-a3cf-40e9c5f98b78.jpg,0.7548,0.6975,0.7000,7,2,317,61,nao,nao,vis0.55+den0.25+ctx0.2
8aff19d4-99e1-47df-9e58-b5a921b7b417,58,0.7295,c130d032-4a3a-4d09-ac77-c3121a03a6a7,Espaço de convivência,100,2026-09-01T10:20:05.500000+00:00,training-images/63c219d8-fbef-4f3c-a7c9-058c742482e2/nvr/e0c906a9-1b0a-4f3e-b299-715202e28b08/b94c6f48-fd48-4b3c-a497-e374fda3a829.jpg,0.7548,0.6975,0.7000,6,2,317,62,nao,nao,vis0.55+den0.25+ctx0.2
459df8b9-406d-43e3-ac5d-deeaf354d965,59,0.7216,969102c5-4ebc-4ba0-9f86-48e314493f55,Entrada WC Usinagem Papelão,5,2026-09-02T15:40:03+00:00,training-images/63c219d8-fbef-4f3c-a7c9-058c742482e2/nvr/e0c906a9-1b0a-4f3e-b299-715202e28b08/026dc60b-822a-4af0-99c6-3f2e93a7358d.jpg,0.9548,0.4500,0.4200,1,1,401,57,nao,nao,vis0.55+den0.25+ctx0.2
1ec14486-1819-44bd-9c56-69a6b3f88bfc,60,0.6896,c130d032-4a3a-4d09-ac77-c3121a03a6a7,Espaço de convivência,113,2026-09-01T07:00:00+00:00,training-images/63c219d8-fbef-4f3c-a7c9-058c742482e2/nvr/e0c906a9-1b0a-4f3e-b299-715202e28b08/6932a0bf-2367-445c-a283-1bff645785ca.jpg,0.6857,0.4500,1.0000,1,1,288,58,nao,nao,vis0.55+den0.25+ctx0.2
c21a7837-5695-4413-add3-bb73f3366091,61,0.6859,27e0245c-9a14-45fe-8662-d478b5f793d1,Entrada Expedição 02,8,2026-09-01T07:40:00+00:00,training-images/63c219d8-fbef-4f3c-a7c9-058c742482e2/nvr/e0c906a9-1b0a-4f3e-b299-715202e28b08/6bedd3ff-9875-4769-8b3b-9d62663319b4.jpg,0.7119,0.6975,0.6000,2,2,299,1,nao,nao,vis0.55+den0.25+ctx0.2
20b07c14-7774-4604-848c-8d982d44d1a8,62,0.6804,7abbe027-85e3-474e-a273-8c06e485cf2d,Entrada Usinagem Madeira 2,136,2026-09-01T08:20:00+00:00,training-images/63c219d8-fbef-4f3c-a7c9-058c742482e2/nvr/e0c906a9-1b0a-4f3e-b299-715202e28b08/b3152667-b91d-4dbd-8631-6b4e041c56eb.jpg,0.8143,0.4500,0.6000,2,1,342,12,nao,nao,vis0.55+den0.25+ctx0.2
0a1b9f5f-444d-478c-a1a7-fcfa8d0c74a9,63,0.6804,7abbe027-85e3-474e-a273-8c06e485cf2d,Entrada Usinagem Madeira 2,153,2026-09-02T16:15:32.144128+00:00,training-images/63c219d8-fbef-4f3c-a7c9-058c742482e2/nvr/e0c906a9-1b0a-4f3e-b299-715202e28b08/f5a0be48-5c74-4fb4-aad0-6bfe136d414f.jpg,0.8143,0.4500,0.6000,2,1,342,30,nao,nao,vis0.55+den0.25+ctx0.2
806f7663-f1a5-4c77-870f-367ef420198e,64,0.6790,969102c5-4ebc-4ba0-9f86-48e314493f55,Entrada WC Usinagem Papelão,42,2026-09-02T07:40:00+00:00,training-images/63c219d8-fbef-4f3c-a7c9-058c742482e2/nvr/e0c906a9-1b0a-4f3e-b299-715202e28b08/4ba0509d-d419-4e10-9445-cb2413337e0b.jpg,0.8119,0.4500,0.6000,2,1,341,47,nao,nao,vis0.55+den0.25+ctx0.2
0c969eb3-6409-46ae-97cf-b305377f8b65,65,0.6751,80bad150-7315-4706-b606-e5d356467ae4,Entrada Preparação,3,2026-09-02T13:00:00+00:00,training-images/63c219d8-fbef-4f3c-a7c9-058c742482e2/nvr/e0c906a9-1b0a-4f3e-b299-715202e28b08/d9763349-b2b6-4ca8-a733-210a10b7713a.jpg,0.8048,0.4500,0.6000,2,1,338,40,nao,nao,vis0.55+den0.25+ctx0.2
bbd8101b-7ff2-4108-bcac-9c61d9ff0d3d,66,0.6690,c130d032-4a3a-4d09-ac77-c3121a03a6a7,Espaço de convivência,26,2026-09-02T13:00:01.500000+00:00,training-images/63c219d8-fbef-4f3c-a7c9-058c742482e2/nvr/e0c906a9-1b0a-4f3e-b299-715202e28b08/71f0e289-0493-463c-acc5-4685b75f0c16.jpg,0.5357,0.6975,1.0000,5,2,225,78,nao,nao,vis0.55+den0.25+ctx0.2
cd662974-e399-42f9-978b-d5d186b1773d,67,0.6229,c130d032-4a3a-4d09-ac77-c3121a03a6a7,Espaço de convivência,51,2026-09-02T07:00:00+00:00,training-images/63c219d8-fbef-4f3c-a7c9-058c742482e2/nvr/e0c906a9-1b0a-4f3e-b299-715202e28b08/ea21c52a-7dca-4ec6-971d-7145c1d0971e.jpg,0.5643,0.4500,1.0000,2,1,237,69,nao,nao,vis0.55+den0.25+ctx0.2
a32dcf1d-47d5-4585-8be5-8fd76c858dc1,68,0.6227,7abbe027-85e3-474e-a273-8c06e485cf2d,Entrada Usinagem Madeira 2,154,2026-09-02T16:15:23.096214+00:00,training-images/63c219d8-fbef-4f3c-a7c9-058c742482e2/nvr/e0c906a9-1b0a-4f3e-b299-715202e28b08/a651cac6-39ff-4609-a24a-de587be66698.jpg,0.7095,0.4500,0.6000,1,1,298,29,nao,nao,vis0.55+den0.25+ctx0.2
b4c8b96a-7561-40e5-a9cc-4872075f6b3c,69,0.6191,7abbe027-85e3-474e-a273-8c06e485cf2d,Entrada Usinagem Madeira 2,161,2026-09-02T16:14:55.375701+00:00,training-images/63c219d8-fbef-4f3c-a7c9-058c742482e2/nvr/e0c906a9-1b0a-4f3e-b299-715202e28b08/d0f38325-c713-48dd-8cd7-f84804958cd0.jpg,0.5905,0.6975,0.6000,3,2,248,28,nao,nao,vis0.55+den0.25+ctx0.2
3119b451-2921-4c18-845c-641af31df86d,70,0.6096,969102c5-4ebc-4ba0-9f86-48e314493f55,Entrada WC Usinagem Papelão,41,2026-09-02T07:40:05.500000+00:00,training-images/63c219d8-fbef-4f3c-a7c9-058c742482e2/nvr/e0c906a9-1b0a-4f3e-b299-715202e28b08/a055b9b6-e2af-48af-9c16-aad461058be2.jpg,0.6857,0.4500,0.6000,3,1,288,48,nao,nao,vis0.55+den0.25+ctx0.2
b99b2b25-1598-495a-930a-6efedb84050a,71,0.6006,c130d032-4a3a-4d09-ac77-c3121a03a6a7,Espaço de convivência,29,2026-09-02T12:20:00+00:00,training-images/63c219d8-fbef-4f3c-a7c9-058c742482e2/nvr/e0c906a9-1b0a-4f3e-b299-715202e28b08/b006698c-c28a-4aed-ab63-902a6ff5b172.jpg,0.5238,0.4500,1.0000,2,1,220,76,nao,nao,vis0.55+den0.25+ctx0.2
8ab44055-8cbf-4fc6-9943-0e2714c48cdc,72,0.5967,c130d032-4a3a-4d09-ac77-c3121a03a6a7,Espaço de convivência,28,2026-09-02T12:20:05+00:00,training-images/63c219d8-fbef-4f3c-a7c9-058c742482e2/nvr/e0c906a9-1b0a-4f3e-b299-715202e28b08/343a862d-45cd-491a-84d5-9c234d48ed21.jpg,0.5167,0.4500,1.0000,4,1,217,77,nao,nao,vis0.55+den0.25+ctx0.2
539b46e7-e8e5-49cf-a944-5cb0d52c54c5,73,0.5959,7abbe027-85e3-474e-a273-8c06e485cf2d,Entrada Usinagem Madeira 2,88,2026-09-01T14:20:05.500000+00:00,training-images/63c219d8-fbef-4f3c-a7c9-058c742482e2/nvr/e0c906a9-1b0a-4f3e-b299-715202e28b08/66eef838-c288-47e8-b245-f9a6367145c7.jpg,0.7262,0.4500,0.4200,6,1,305,16,nao,nao,vis0.55+den0.25+ctx0.2
095f8006-ccf6-4fd6-8856-258b2f4f6b41,74,0.5930,c130d032-4a3a-4d09-ac77-c3121a03a6a7,Espaço de convivência,40,2026-09-02T09:40:00+00:00,training-images/63c219d8-fbef-4f3c-a7c9-058c742482e2/nvr/e0c906a9-1b0a-4f3e-b299-715202e28b08/3f01e9dd-528f-4e01-bb25-17b0dfdf7df1.jpg,0.6190,0.4500,0.7000,6,1,260,73,nao,nao,vis0.55+den0.25+ctx0.2
cd57a8e5-cdf7-4160-a6b1-0a0ca725dbbd,75,0.5795,969102c5-4ebc-4ba0-9f86-48e314493f55,Entrada WC Usinagem Papelão,11,2026-09-02T13:40:00+00:00,training-images/63c219d8-fbef-4f3c-a7c9-058c742482e2/nvr/e0c906a9-1b0a-4f3e-b299-715202e28b08/cf23c576-21fa-4c34-b363-28ff00f45601.jpg,0.6310,0.4500,0.6000,1,1,265,54,nao,nao,vis0.55+den0.25+ctx0.2
7247bdbc-4046-4a6e-b494-ba9c7bddfc28,76,0.5684,eb1501db-82ad-485a-a441-5c665b4e5a28,Entrada Expedição,10,2026-09-01T09:00:05+00:00,training-images/63c219d8-fbef-4f3c-a7c9-058c742482e2/nvr/e0c906a9-1b0a-4f3e-b299-715202e28b08/d4edbadf-c837-4006-93ed-59434e6637af.jpg,0.6762,0.4500,0.4200,1,1,284,83,nao,nao,vis0.55+den0.25+ctx0.2
fac35e11-88b6-48ac-a98b-b3e3cffd9dd0,77,0.5655,c130d032-4a3a-4d09-ac77-c3121a03a6a7,Espaço de convivência,39,2026-09-02T10:20:00+00:00,training-images/63c219d8-fbef-4f3c-a7c9-058c742482e2/nvr/e0c906a9-1b0a-4f3e-b299-715202e28b08/8ff08672-1f36-4fd0-a78b-3d9e6789e227.jpg,0.5690,0.4500,0.7000,4,1,239,74,nao,nao,vis0.55+den0.25+ctx0.2
da6e8588-9b8a-4b57-ac04-cfe910290dc5,78,0.5628,7abbe027-85e3-474e-a273-8c06e485cf2d,Entrada Usinagem Madeira 2,55,2026-09-02T07:40:01+00:00,training-images/63c219d8-fbef-4f3c-a7c9-058c742482e2/nvr/e0c906a9-1b0a-4f3e-b299-715202e28b08/5cb69659-4aca-4de2-968e-6bdfd6133d82.jpg,0.4881,0.6975,0.6000,5,2,216,20,nao,nao,vis0.55+den0.25+ctx0.2
a3137fc8-1f94-4069-8d83-de2141108b3f,79,0.5612,969102c5-4ebc-4ba0-9f86-48e314493f55,Entrada WC Usinagem Papelão,24,2026-09-02T11:00:01.500000+00:00,training-images/63c219d8-fbef-4f3c-a7c9-058c742482e2/nvr/e0c906a9-1b0a-4f3e-b299-715202e28b08/04d90726-de68-42fd-8e7c-ab1073c236a6.jpg,0.5976,0.4500,0.6000,3,1,251,51,nao,nao,vis0.55+den0.25+ctx0.2
dea9db4f-1849-4aa0-bc4b-31118d369cb6,80,0.5592,7abbe027-85e3-474e-a273-8c06e485cf2d,Entrada Usinagem Madeira 2,40,2026-09-02T09:40:00.500000+00:00,training-images/63c219d8-fbef-4f3c-a7c9-058c742482e2/nvr/e0c906a9-1b0a-4f3e-b299-715202e28b08/6b1a9f8b-6bea-45cd-b7d7-54ec5a5b2370.jpg,0.6595,0.4500,0.4200,1,1,277,22,nao,nao,vis0.55+den0.25+ctx0.2
046969a6-86cb-4a2f-9682-4e55edb67228,81,0.5592,eb1501db-82ad-485a-a441-5c665b4e5a28,Entrada Expedição,2,2026-09-02T15:40:00+00:00,training-images/63c219d8-fbef-4f3c-a7c9-058c742482e2/nvr/e0c906a9-1b0a-4f3e-b299-715202e28b08/9f9699a4-680c-46d0-a5f6-5a4ec2e45a1d.jpg,0.6595,0.4500,0.4200,1,1,277,86,nao,nao,vis0.55+den0.25+ctx0.2
f6e2f479-7c16-4324-9f3e-0b03c85db02c,82,0.5546,27e0245c-9a14-45fe-8662-d478b5f793d1,Entrada Expedição 02,6,2026-09-01T11:40:00+00:00,training-images/63c219d8-fbef-4f3c-a7c9-058c742482e2/nvr/e0c906a9-1b0a-4f3e-b299-715202e28b08/871315d9-8ed3-4409-8176-97dda503df3a.jpg,0.5857,0.4500,0.6000,1,1,246,3,nao,nao,vis0.55+den0.25+ctx0.2
35c91c53-ac5c-4be8-acab-af63b1c83777,83,0.5304,eb1501db-82ad-485a-a441-5c665b4e5a28,Entrada Expedição,5,2026-09-02T15:00:03+00:00,training-images/63c219d8-fbef-4f3c-a7c9-058c742482e2/nvr/e0c906a9-1b0a-4f3e-b299-715202e28b08/79c06181-98c1-42ca-a327-e99b6e382eca.jpg,0.6071,0.4500,0.4200,1,1,255,85,nao,nao,vis0.55+den0.25+ctx0.2
29445746-9ac6-41de-b851-560f3a77cdaa,84,0.5121,80bad150-7315-4706-b606-e5d356467ae4,Entrada Preparação,6,2026-09-02T09:00:00+00:00,training-images/63c219d8-fbef-4f3c-a7c9-058c742482e2/nvr/e0c906a9-1b0a-4f3e-b299-715202e28b08/95e11a6c-e703-484b-93f9-9c2922f0f5f9.jpg,0.5738,0.4500,0.4200,1,1,241,38,nao,nao,vis0.55+den0.25+ctx0.2
50b39cf3-bbab-494c-8a38-f7f775230769,85,0.4964,7abbe027-85e3-474e-a273-8c06e485cf2d,Entrada Usinagem Madeira 2,37,2026-09-02T09:40:04+00:00,training-images/63c219d8-fbef-4f3c-a7c9-058c742482e2/nvr/e0c906a9-1b0a-4f3e-b299-715202e28b08/c78e2f78-8aac-448c-8582-cf4e154ddf67.jpg,0.5452,0.4500,0.4200,2,1,229,23,nao,nao,vis0.55+den0.25+ctx0.2
c1eabd2b-2526-49bb-8405-37755461a59e,86,0.4898,27e0245c-9a14-45fe-8662-d478b5f793d1,Entrada Expedição 02,5,2026-09-01T15:40:00+00:00,training-images/63c219d8-fbef-4f3c-a7c9-058c742482e2/nvr/e0c906a9-1b0a-4f3e-b299-715202e28b08/6914d20f-5703-48f1-973b-4ed5f61d815f.jpg,0.5333,0.4500,0.4200,1,1,224,4,nao,nao,vis0.55+den0.25+ctx0.2
8fcf4801-6bec-4f4c-b1f1-e1c4ef84709a,87,0.4846,27e0245c-9a14-45fe-8662-d478b5f793d1,Entrada Expedição 02,7,2026-09-01T09:00:03+00:00,training-images/63c219d8-fbef-4f3c-a7c9-058c742482e2/nvr/e0c906a9-1b0a-4f3e-b299-715202e28b08/a376e526-886e-464d-99f2-8bdce5ddff7f.jpg,0.5238,0.4500,0.4200,1,1,220,2,nao,nao,vis0.55+den0.25+ctx0.2
ef3caf63-04e1-4828-98cc-e97c9db60cb3,88,0.3968,969102c5-4ebc-4ba0-9f86-48e314493f55,Entrada WC Usinagem Papelão,9,2026-09-02T13:40:03.500000+00:00,training-images/63c219d8-fbef-4f3c-a7c9-058c742482e2/nvr/e0c906a9-1b0a-4f3e-b299-715202e28b08/d7be38b7-2ac2-4581-a4ff-7459207e2f5f.jpg,0.2988,0.4500,0.6000,1,1,251,55,nao,nao,vis0.55+den0.25+ctx0.2
9cffa324-09e7-416f-a12a-27ae0b262454,89,0.3654,969102c5-4ebc-4ba0-9f86-48e314493f55,Entrada WC Usinagem Papelão,30,2026-09-02T09:00:00+00:00,training-images/63c219d8-fbef-4f3c-a7c9-058c742482e2/nvr/e0c906a9-1b0a-4f3e-b299-715202e28b08/82f3fe1f-2234-457d-8204-45d3441f4566.jpg,0.3071,0.4500,0.4200,4,1,258,50,nao,nao,vis0.55+den0.25+ctx0.2
4562b759-ecd2-4060-a8b1-6b50a687784d,90,0.3301,969102c5-4ebc-4ba0-9f86-48e314493f55,Entrada WC Usinagem Papelão,48,2026-09-01T14:20:04+00:00,training-images/63c219d8-fbef-4f3c-a7c9-058c742482e2/nvr/e0c906a9-1b0a-4f3e-b299-715202e28b08/6c2d5038-183e-4067-8cac-4809ad07146a.jpg,0.2429,0.4500,0.4200,2,1,204,46,nao,nao,vis0.55+den0.25+ctx0.2
244c986c-dbc4-4329-b148-230e612f9507,91,0.9931,c130d032-4a3a-4d09-ac77-c3121a03a6a7,Espaço de convivência,85,2026-09-01T13:00:00+00:00,training-images/63c219d8-fbef-4f3c-a7c9-058c742482e2/nvr/e0c906a9-1b0a-4f3e-b299-715202e28b08/7ead457c-afe5-4676-816a-6b89551a8a41.jpg,1.0000,0.9723,1.0000,12,6,481,64,sim,nao,vis0.55+den0.25+ctx0.2
93738da4-98d9-49fd-b265-9f164a748489,92,0.9584,c130d032-4a3a-4d09-ac77-c3121a03a6a7,Espaço de convivência,86,2026-09-01T12:20:05+00:00,training-images/63c219d8-fbef-4f3c-a7c9-058c742482e2/nvr/e0c906a9-1b0a-4f3e-b299-715202e28b08/0d4ec46c-3a9a-45ee-bc74-d8d6c0ef7829.jpg,1.0000,0.8336,1.0000,6,3,529,63,sim,nao,vis0.55+den0.25+ctx0.2
2a006d76-53cc-4eaf-84bf-cdf80f40fcc5,93,0.9388,c130d032-4a3a-4d09-ac77-c3121a03a6a7,Espaço de convivência,74,2026-09-01T14:20:01+00:00,training-images/63c219d8-fbef-4f3c-a7c9-058c742482e2/nvr/e0c906a9-1b0a-4f3e-b299-715202e28b08/42837c51-cbc9-4ca5-acc3-31e7ecdbf72a.jpg,1.0000,0.9954,0.7000,14,9,445,67,sim,nao,vis0.55+den0.25+ctx0.2
9390a376-6d84-49d3-b621-35cef2d9dd0c,94,0.9274,c130d032-4a3a-4d09-ac77-c3121a03a6a7,Espaço de convivência,18,2026-09-02T14:20:00.500000+00:00,training-images/63c219d8-fbef-4f3c-a7c9-058c742482e2/nvr/e0c906a9-1b0a-4f3e-b299-715202e28b08/981e7e5a-f82d-4d2c-8083-39731b114eb4.jpg,1.0000,0.9497,0.7000,10,5,518,80,sim,nao,vis0.55+den0.25+ctx0.2
47cda22b-888b-4446-bc12-9e151ef71a8b,95,0.9302,c130d032-4a3a-4d09-ac77-c3121a03a6a7,Espaço de convivência,78,2026-09-01T13:40:01+00:00,training-images/63c219d8-fbef-4f3c-a7c9-058c742482e2/nvr/e0c906a9-1b0a-4f3e-b299-715202e28b08/ea56d186-7718-4b5e-bbc2-a2df1e6a36e0.jpg,0.8857,0.9723,1.0000,10,6,372,65,sim,nao,vis0.55+den0.25+ctx0.2
17245229-4415-46fa-887c-00113c3649ee,96,0.8784,7abbe027-85e3-474e-a273-8c06e485cf2d,Entrada Usinagem Madeira 2,99,2026-09-01T11:40:05.500000+00:00,training-images/63c219d8-fbef-4f3c-a7c9-058c742482e2/nvr/e0c906a9-1b0a-4f3e-b299-715202e28b08/40469666-0283-4f78-9ea8-f3e8d47a5b9c.jpg,1.0000,0.8336,0.6000,6,3,426,15,sim,nao,vis0.55+den0.25+ctx0.2
7316d355-ab8e-4fc9-8b72-14a259d76018,97,0.8784,7abbe027-85e3-474e-a273-8c06e485cf2d,Entrada Usinagem Madeira 2,5,2026-09-02T16:20:01.500000+00:00,training-images/63c219d8-fbef-4f3c-a7c9-058c742482e2/nvr/e0c906a9-1b0a-4f3e-b299-715202e28b08/dd71fca1-03d2-45db-8e5e-4f84fa5979d8.jpg,1.0000,0.8336,0.6000,7,3,550,32,sim,nao,vis0.55+den0.25+ctx0.2
1fc241aa-2aa8-4719-a51a-a8bd7db06bf9,98,0.8444,eb1501db-82ad-485a-a441-5c665b4e5a28,Entrada Expedição,14,2026-09-01T07:40:04+00:00,training-images/63c219d8-fbef-4f3c-a7c9-058c742482e2/nvr/e0c906a9-1b0a-4f3e-b299-715202e28b08/4e890050-ee8a-4673-b8f1-9ba443e01a47.jpg,1.0000,0.6975,0.6000,3,2,709,82,sim,nao,vis0.55+den0.25+ctx0.2
110d9645-00c9-4be6-b541-079abea5f4f5,99,0.8444,eb1501db-82ad-485a-a441-5c665b4e5a28,Entrada Expedição,33,2026-09-02T16:13:42.197746+00:00,training-images/63c219d8-fbef-4f3c-a7c9-058c742482e2/nvr/e0c906a9-1b0a-4f3e-b299-715202e28b08/964b7b02-2be1-4d44-b410-e8f20578295a.jpg,1.0000,0.6975,0.6000,3,2,709,88,sim,nao,vis0.55+den0.25+ctx0.2
ea7da23c-3768-4b38-adfe-15761a597941,100,0.8759,c130d032-4a3a-4d09-ac77-c3121a03a6a7,Espaço de convivência,22,2026-09-02T13:40:02.500000+00:00,training-images/63c219d8-fbef-4f3c-a7c9-058c742482e2/nvr/e0c906a9-1b0a-4f3e-b299-715202e28b08/10a9d692-a1a0-40f6-b304-cb0c85325374.jpg,0.8500,0.8336,1.0000,7,3,357,79,sim,nao,vis0.55+den0.25+ctx0.2
b6bf9cf5-92a2-49ac-ae77-b6398d9ad3b8,101,0.8260,7abbe027-85e3-474e-a273-8c06e485cf2d,Entrada Usinagem Madeira 2,44,2026-09-02T08:20:05+00:00,training-images/63c219d8-fbef-4f3c-a7c9-058c742482e2/nvr/e0c906a9-1b0a-4f3e-b299-715202e28b08/5b62b1de-60fa-41f4-b9d8-6e7c4d5cb478.jpg,0.9667,0.6975,0.6000,3,2,406,21,sim,nao,vis0.55+den0.25+ctx0.2
73ecbadd-4788-46d4-bb8c-d5e003995c13,102,0.8424,7abbe027-85e3-474e-a273-8c06e485cf2d,Entrada Usinagem Madeira 2,123,2026-09-01T10:20:05+00:00,training-images/63c219d8-fbef-4f3c-a7c9-058c742482e2/nvr/e0c906a9-1b0a-4f3e-b299-715202e28b08/7ce2f84b-74d5-4a8a-a370-afe5bbc39d1f.jpg,1.0000,0.8336,0.4200,4,3,455,13,sim,nao,vis0.55+den0.25+ctx0.2
09553861-8f5e-4951-9f08-4233c997ec6a,103,0.8468,c130d032-4a3a-4d09-ac77-c3121a03a6a7,Espaço de convivência,45,2026-09-02T08:20:02+00:00,training-images/63c219d8-fbef-4f3c-a7c9-058c742482e2/nvr/e0c906a9-1b0a-4f3e-b299-715202e28b08/5c0a6dfa-8af3-4ad9-b63a-384b52cac786.jpg,0.9714,0.4500,1.0000,2,1,408,70,sim,nao,vis0.55+den0.25+ctx0.2
3e671c15-c128-4e19-bd63-0fa94b8614d3,104,0.8084,969102c5-4ebc-4ba0-9f86-48e314493f55,Entrada WC Usinagem Papelão,51,2026-09-01T14:20:00+00:00,training-images/63c219d8-fbef-4f3c-a7c9-058c742482e2/nvr/e0c906a9-1b0a-4f3e-b299-715202e28b08/b4bb26a5-0123-4c12-b62d-d80d31974524.jpg,1.0000,0.6975,0.4200,3,2,590,45,sim,nao,vis0.55+den0.25+ctx0.2
831e46d9-af53-456d-98c6-2966c7729291,105,0.8444,7abbe027-85e3-474e-a273-8c06e485cf2d,Entrada Usinagem Madeira 2,115,2026-09-01T11:00:03+00:00,training-images/63c219d8-fbef-4f3c-a7c9-058c742482e2/nvr/e0c906a9-1b0a-4f3e-b299-715202e28b08/a1ff6827-8ad7-4af9-b30d-1345324921bf.jpg,1.0000,0.6975,0.6000,4,2,437,14,sim,nao,vis0.55+den0.25+ctx0.2
bbab51ea-3d8e-4b32-b17e-691b01432463,106,0.7920,7abbe027-85e3-474e-a273-8c06e485cf2d,Entrada Usinagem Madeira 2,60,2026-09-01T16:20:04+00:00,training-images/63c219d8-fbef-4f3c-a7c9-058c742482e2/nvr/e0c906a9-1b0a-4f3e-b299-715202e28b08/fcb64acc-75d7-46a8-abbb-0d18930040ad.jpg,0.9048,0.6975,0.6000,4,2,380,19,sim,nao,vis0.55+den0.25+ctx0.2
3f34577f-d610-457d-943e-12ef08912194,107,0.8444,7abbe027-85e3-474e-a273-8c06e485cf2d,Entrada Usinagem Madeira 2,150,2026-09-02T16:15:46.143311+00:00,training-images/63c219d8-fbef-4f3c-a7c9-058c742482e2/nvr/e0c906a9-1b0a-4f3e-b299-715202e28b08/d3fc6f80-11be-4d46-b458-509754dff60e.jpg,1.0000,0.6975,0.6000,3,2,506,31,sim,nao,vis0.55+den0.25+ctx0.2
602b9c73-f4b9-4dbc-9f8f-7556151c38f6,108,0.7825,969102c5-4ebc-4ba0-9f86-48e314493f55,Entrada WC Usinagem Papelão,71,2026-09-01T08:20:05.500000+00:00,training-images/63c219d8-fbef-4f3c-a7c9-058c742482e2/nvr/e0c906a9-1b0a-4f3e-b299-715202e28b08/f7df0bba-d3bf-4c15-958e-8b1fb7ca567b.jpg,1.0000,0.4500,0.6000,2,1,527,42,sim,nao,vis0.55+den0.25+ctx0.2
29c11f3b-a51b-4087-a950-2371e9b2b64a,109,0.8444,969102c5-4ebc-4ba0-9f86-48e314493f55,Entrada WC Usinagem Papelão,56,2026-09-01T11:00:00.500000+00:00,training-images/63c219d8-fbef-4f3c-a7c9-058c742482e2/nvr/e0c906a9-1b0a-4f3e-b299-715202e28b08/71c812d7-989c-454f-a50b-cd80954ffb2d.jpg,1.0000,0.6975,0.6000,2,2,425,44,sim,nao,vis0.55+den0.25+ctx0.2
5b9b4f67-6383-45b1-b12d-ede0a06f4f8b,110,0.7825,969102c5-4ebc-4ba0-9f86-48e314493f55,Entrada WC Usinagem Papelão,32,2026-09-02T08:20:04.500000+00:00,training-images/63c219d8-fbef-4f3c-a7c9-058c742482e2/nvr/e0c906a9-1b0a-4f3e-b299-715202e28b08/d0476612-006b-41df-a21e-4ebee6718994.jpg,1.0000,0.4500,0.6000,2,1,606,49,sim,nao,vis0.55+den0.25+ctx0.2
65af2c45-08b9-4db6-bdff-6791ca99bb9c,111,0.7825,969102c5-4ebc-4ba0-9f86-48e314493f55,Entrada WC Usinagem Papelão,21,2026-09-02T11:00:05.500000+00:00,training-images/63c219d8-fbef-4f3c-a7c9-058c742482e2/nvr/e0c906a9-1b0a-4f3e-b299-715202e28b08/4ad4f015-d6de-476f-93bc-d7ec5940453b.jpg,1.0000,0.4500,0.6000,2,1,541,52,sim,nao,vis0.55+den0.25+ctx0.2
926f07e0-17ba-46fd-95bf-0dfd3244f152,112,0.8424,2a683620-34e0-4cf7-a8ae-5893aa11381a,Entrada Usinagem Madeira 01,11,2026-09-01T14:20:03.500000+00:00,training-images/63c219d8-fbef-4f3c-a7c9-058c742482e2/nvr/e0c906a9-1b0a-4f3e-b299-715202e28b08/edee8dbc-876f-4d47-a770-aaa6b8193507.jpg,1.0000,0.8336,0.4200,3,3,701,8,sim,nao,vis0.55+den0.25+ctx0.2
29584f34-cd81-446a-b317-44d937e4ef40,113,0.8424,7abbe027-85e3-474e-a273-8c06e485cf2d,Entrada Usinagem Madeira 2,78,2026-09-01T15:40:00.500000+00:00,training-images/63c219d8-fbef-4f3c-a7c9-058c742482e2/nvr/e0c906a9-1b0a-4f3e-b299-715202e28b08/225224a0-a8e6-4dcb-9037-6a2587adf68f.jpg,1.0000,0.8336,0.4200,5,3,489,18,sim,nao,vis0.55+den0.25+ctx0.2
b1e7be51-4e77-4c5b-8233-f4424f2e886b,114,0.8424,7abbe027-85e3-474e-a273-8c06e485cf2d,Entrada Usinagem Madeira 2,16,2026-09-02T14:20:03+00:00,training-images/63c219d8-fbef-4f3c-a7c9-058c742482e2/nvr/e0c906a9-1b0a-4f3e-b299-715202e28b08/c0ab0bbc-0e82-4059-89f9-b07d117b88fd.jpg,1.0000,0.8336,0.4200,4,3,621,26,sim,nao,vis0.55+den0.25+ctx0.2
9b312610-f42f-4ffe-bc73-04d50be22432,115,0.7465,2a683620-34e0-4cf7-a8ae-5893aa11381a,Entrada Usinagem Madeira 01,3,2026-09-02T14:20:01+00:00,training-images/63c219d8-fbef-4f3c-a7c9-058c742482e2/nvr/e0c906a9-1b0a-4f3e-b299-715202e28b08/e1640001-b375-4f12-ae50-4e6fabaac1b6.jpg,1.0000,0.4500,0.4200,1,1,498,10,sim,nao,vis0.55+den0.25+ctx0.2
e91bd570-a41f-46f9-9b1c-8b84c5688ec0,116,0.8084,7abbe027-85e3-474e-a273-8c06e485cf2d,Entrada Usinagem Madeira 2,86,2026-09-01T15:00:00.500000+00:00,training-images/63c219d8-fbef-4f3c-a7c9-058c742482e2/nvr/e0c906a9-1b0a-4f3e-b299-715202e28b08/232912b8-1b2f-4d25-8e7e-c84615557f2a.jpg,1.0000,0.6975,0.4200,3,2,515,17,sim,nao,vis0.55+den0.25+ctx0.2
a1022034-07f9-4910-9f69-8629d6d3c761,117,0.7894,c130d032-4a3a-4d09-ac77-c3121a03a6a7,Espaço de convivência,61,2026-09-01T15:00:02.500000+00:00,training-images/63c219d8-fbef-4f3c-a7c9-058c742482e2/nvr/e0c906a9-1b0a-4f3e-b299-715202e28b08/e2548867-0401-44ea-b7de-a236ab7605da.jpg,0.9762,0.4500,0.7000,2,1,410,68,sim,nao,vis0.55+den0.25+ctx0.2
315ead4b-9f7d-4dfb-b499-97aa7adc98e2,118,0.7789,c130d032-4a3a-4d09-ac77-c3121a03a6a7,Espaço de convivência,6,2026-09-02T15:00:00.500000+00:00,training-images/63c219d8-fbef-4f3c-a7c9-058c742482e2/nvr/e0c906a9-1b0a-4f3e-b299-715202e28b08/2d8dd505-42ad-498c-9d01-25395c5fc062.jpg,0.9571,0.4500,0.7000,1,1,402,81,sim,nao,vis0.55+den0.25+ctx0.2
cb8c9803-d155-4317-9c5b-e3b9436bd11f,119,0.7842,c130d032-4a3a-4d09-ac77-c3121a03a6a7,Espaço de convivência,35,2026-09-02T10:20:04.500000+00:00,training-images/63c219d8-fbef-4f3c-a7c9-058c742482e2/nvr/e0c906a9-1b0a-4f3e-b299-715202e28b08/7e1f71f0-0655-458b-a540-10410e5cd67a.jpg,0.9667,0.4500,0.7000,4,1,406,75,sim,nao,vis0.55+den0.25+ctx0.2
24878960-2380-4d85-8ac2-b3fb407769c6,120,0.7825,969102c5-4ebc-4ba0-9f86-48e314493f55,Entrada WC Usinagem Papelão,13,2026-09-02T12:20:04+00:00,training-images/63c219d8-fbef-4f3c-a7c9-058c742482e2/nvr/e0c906a9-1b0a-4f3e-b299-715202e28b08/664e8af9-17d9-412a-a8d7-f72130d52974.jpg,1.0000,0.4500,0.6000,1,1,581,53,sim,nao,vis0.55+den0.25+ctx0.2
7d2294e2-7f74-42e1-a0e7-896737ee11f5,121,0.7825,eb1501db-82ad-485a-a441-5c665b4e5a28,Entrada Expedição,27,2026-09-02T16:14:17.063647+00:00,training-images/63c219d8-fbef-4f3c-a7c9-058c742482e2/nvr/e0c906a9-1b0a-4f3e-b299-715202e28b08/b68bd3cf-4d8e-4860-8153-9fc9e5ac7d82.jpg,1.0000,0.4500,0.6000,1,1,766,90,sim,nao,vis0.55+den0.25+ctx0.2
7381fc12-cf09-4a47-a5ed-3e3004c430c6,122,0.7678,c130d032-4a3a-4d09-ac77-c3121a03a6a7,Espaço de convivência,105,2026-09-01T09:40:01.500000+00:00,training-images/63c219d8-fbef-4f3c-a7c9-058c742482e2/nvr/e0c906a9-1b0a-4f3e-b299-715202e28b08/0d1c4319-3da9-4e16-bb75-7f6a9cc2148d.jpg,0.7286,0.9085,0.7000,7,4,306,60,sim,nao,vis0.55+den0.25+ctx0.2
77a5ea9c-95a5-4a40-878e-94e7ab91299d,123,0.7465,2a683620-34e0-4cf7-a8ae-5893aa11381a,Entrada Usinagem Madeira 01,9,2026-09-02T09:00:00+00:00,training-images/63c219d8-fbef-4f3c-a7c9-058c742482e2/nvr/e0c906a9-1b0a-4f3e-b299-715202e28b08/cce74ad9-6c27-4e74-b654-af284ec65b93.jpg,1.0000,0.4500,0.4200,1,1,685,9,sim,nao,vis0.55+den0.25+ctx0.2
b2accc0b-6bef-4444-977b-c75943aa4164,124,0.7465,7abbe027-85e3-474e-a273-8c06e485cf2d,Entrada Usinagem Madeira 2,34,2026-09-02T10:20:05+00:00,training-images/63c219d8-fbef-4f3c-a7c9-058c742482e2/nvr/e0c906a9-1b0a-4f3e-b299-715202e28b08/b2787dea-ab05-45a0-98ae-3242079aa4a8.jpg,1.0000,0.4500,0.4200,1,1,597,24,sim,nao,vis0.55+den0.25+ctx0.2
a17405ad-5b1c-47ba-aa73-edc7aa33ce6a,125,0.7308,7abbe027-85e3-474e-a273-8c06e485cf2d,Entrada Usinagem Madeira 2,14,2026-09-02T15:40:00+00:00,training-images/63c219d8-fbef-4f3c-a7c9-058c742482e2/nvr/e0c906a9-1b0a-4f3e-b299-715202e28b08/1485b764-c77e-457d-a4b5-31e871b9ede5.jpg,0.9714,0.4500,0.4200,2,1,408,27,sim,nao,vis0.55+den0.25+ctx0.2
f25118e5-1bec-47fb-a041-29506747f971,126,0.7465,969102c5-4ebc-4ba0-9f86-48e314493f55,Entrada WC Usinagem Papelão,64,2026-09-01T10:20:01+00:00,training-images/63c219d8-fbef-4f3c-a7c9-058c742482e2/nvr/e0c906a9-1b0a-4f3e-b299-715202e28b08/4c379ade-e6d0-43ac-858b-6d21262d6166.jpg,1.0000,0.4500,0.4200,2,1,468,43,sim,nao,vis0.55+den0.25+ctx0.2
e50ff9ee-89bd-46d5-bccf-f5a4f144b128,127,0.6473,969102c5-4ebc-4ba0-9f86-48e314493f55,Entrada WC Usinagem Papelão,7,2026-09-02T15:40:00+00:00,training-images/63c219d8-fbef-4f3c-a7c9-058c742482e2/nvr/e0c906a9-1b0a-4f3e-b299-715202e28b08/14cf008e-32db-4664-97e4-be49954e40c9.jpg,0.7071,0.6975,0.4200,2,2,297,56,sim,nao,vis0.55+den0.25+ctx0.2
a715b4c7-fad0-4510-beb2-d08d5dda093f,128,0.7265,7abbe027-85e3-474e-a273-8c06e485cf2d,Entrada Usinagem Madeira 2,29,2026-09-02T11:40:00.500000+00:00,training-images/63c219d8-fbef-4f3c-a7c9-058c742482e2/nvr/e0c906a9-1b0a-4f3e-b299-715202e28b08/949fd183-0b72-4c0c-992f-202f05e91711.jpg,0.7238,0.8336,0.6000,4,3,304,25,sim,nao,vis0.55+den0.25+ctx0.2
301fd8e2-9e9a-4bf4-b62b-f5af11fd28d3,129,0.6846,c130d032-4a3a-4d09-ac77-c3121a03a6a7,Espaço de convivência,101,2026-09-01T10:20:05+00:00,training-images/63c219d8-fbef-4f3c-a7c9-058c742482e2/nvr/e0c906a9-1b0a-4f3e-b299-715202e28b08/9f5a9e35-0468-4e69-9a8a-e86e885511e5.jpg,0.7857,0.4500,0.7000,6,1,330,62,sim,nao,vis0.55+den0.25+ctx0.2
1c394357-3ee2-4185-addb-72e8426ac953,130,0.6326,969102c5-4ebc-4ba0-9f86-48e314493f55,Entrada WC Usinagem Papelão,3,2026-09-02T15:40:04.500000+00:00,training-images/63c219d8-fbef-4f3c-a7c9-058c742482e2/nvr/e0c906a9-1b0a-4f3e-b299-715202e28b08/e75cf0e5-87f6-43dd-9bf4-830efa357217.jpg,0.7929,0.4500,0.4200,1,1,333,57,sim,nao,vis0.55+den0.25+ctx0.2
7d10c842-0990-4cb4-ae4c-165aef9b1fbe,131,0.6058,c130d032-4a3a-4d09-ac77-c3121a03a6a7,Espaço de convivência,27,2026-09-02T13:00:00+00:00,training-images/63c219d8-fbef-4f3c-a7c9-058c742482e2/nvr/e0c906a9-1b0a-4f3e-b299-715202e28b08/45b3e426-77c7-4073-948d-9b7a39799022.jpg,0.5333,0.4500,1.0000,5,1,224,78,sim,nao,vis0.55+den0.25+ctx0.2
e9bbc521-9b00-44ec-94ff-87367730d65b,132,0.5939,7abbe027-85e3-474e-a273-8c06e485cf2d,Entrada Usinagem Madeira 2,155,2026-09-02T16:15:21.791594+00:00,training-images/63c219d8-fbef-4f3c-a7c9-058c742482e2/nvr/e0c906a9-1b0a-4f3e-b299-715202e28b08/1dd22a11-ac34-46e4-89dd-6fb7611d5917.jpg,0.6571,0.4500,0.6000,3,1,276,29,sim,nao,vis0.55+den0.25+ctx0.2
cc69f768-b438-48ff-8485-ed44ec2b7c98,133,0.5638,7abbe027-85e3-474e-a273-8c06e485cf2d,Entrada Usinagem Madeira 2,162,2026-09-02T16:14:54.374061+00:00,training-images/63c219d8-fbef-4f3c-a7c9-058c742482e2/nvr/e0c906a9-1b0a-4f3e-b299-715202e28b08/232b9459-a5d5-484f-bd9e-1b40f394d27c.jpg,0.6024,0.4500,0.6000,2,1,253,28,sim,nao,vis0.55+den0.25+ctx0.2
b83aecc8-4f79-4636-a3e0-a774c27546b9,134,0.5042,7abbe027-85e3-474e-a273-8c06e485cf2d,Entrada Usinagem Madeira 2,89,2026-09-01T14:20:05+00:00,training-images/63c219d8-fbef-4f3c-a7c9-058c742482e2/nvr/e0c906a9-1b0a-4f3e-b299-715202e28b08/94eff42c-9b48-4c5b-b2cb-999506a1a9c9.jpg,0.5595,0.4500,0.4200,4,1,235,16,sim,nao,vis0.55+den0.25+ctx0.2
a4a9d928-3ca1-4c55-bde0-63e45ac83223,135,0.4126,969102c5-4ebc-4ba0-9f86-48e314493f55,Entrada WC Usinagem Papelão,10,2026-09-02T13:40:01+00:00,training-images/63c219d8-fbef-4f3c-a7c9-058c742482e2/nvr/e0c906a9-1b0a-4f3e-b299-715202e28b08/e1d226c1-880d-44b1-9018-e2211562ea8e.jpg,0.3274,0.4500,0.6000,1,1,275,54,sim,nao,vis0.55+den0.25+ctx0.2
556c5214-c5d7-436b-b0bf-fb19c631a78c,136,0.3995,7abbe027-85e3-474e-a273-8c06e485cf2d,Entrada Usinagem Madeira 2,56,2026-09-02T07:40:00+00:00,training-images/63c219d8-fbef-4f3c-a7c9-058c742482e2/nvr/e0c906a9-1b0a-4f3e-b299-715202e28b08/e7810ca9-dd81-4808-a763-46ff2e14ab50.jpg,0.3036,0.4500,0.6000,2,1,255,20,sim,nao,vis0.55+den0.25+ctx0.2
ecd6da9d-c382-4708-b4fb-41aef591fb55,137,0.3635,969102c5-4ebc-4ba0-9f86-48e314493f55,Entrada WC Usinagem Papelão,25,2026-09-02T11:00:00+00:00,training-images/63c219d8-fbef-4f3c-a7c9-058c742482e2/nvr/e0c906a9-1b0a-4f3e-b299-715202e28b08/a942fbbb-6273-47e2-ba81-1c3c66bf5a7a.jpg,0.2381,0.4500,0.6000,3,1,200,51,sim,nao,vis0.55+den0.25+ctx0.2
a9607791-f5bf-4acf-9ed0-974037f7108f,138,0.5501,7abbe027-85e3-474e-a273-8c06e485cf2d,Entrada Usinagem Madeira 2,41,2026-09-02T09:40:00+00:00,training-images/63c219d8-fbef-4f3c-a7c9-058c742482e2/nvr/e0c906a9-1b0a-4f3e-b299-715202e28b08/fd7eed8f-b235-4bc4-bb26-b5b2b8913820.jpg,0.6429,0.4500,0.4200,3,1,270,22,sim,nao,vis0.55+den0.25+ctx0.2
e8492739-9150-4180-8a90-4df1c55b4bcf,139,0.5383,eb1501db-82ad-485a-a441-5c665b4e5a28,Entrada Expedição,1,2026-09-02T15:40:00.500000+00:00,training-images/63c219d8-fbef-4f3c-a7c9-058c742482e2/nvr/e0c906a9-1b0a-4f3e-b299-715202e28b08/fe97d290-29f3-4f43-afbf-7e7552755a76.jpg,0.6214,0.4500,0.4200,1,1,261,86,sim,nao,vis0.55+den0.25+ctx0.2
d8e0ae36-b5a4-4dcf-8408-a77b0146dfc2,140,0.5252,eb1501db-82ad-485a-a441-5c665b4e5a28,Entrada Expedição,4,2026-09-02T15:00:03.500000+00:00,training-images/63c219d8-fbef-4f3c-a7c9-058c742482e2/nvr/e0c906a9-1b0a-4f3e-b299-715202e28b08/6a2aea45-109a-4607-a617-fc03a605b82e.jpg,0.5976,0.4500,0.4200,1,1,251,85,sim,nao,vis0.55+den0.25+ctx0.2
1d537dcb-235b-47e5-9375-f3d6c0217620,141,0.4741,7abbe027-85e3-474e-a273-8c06e485cf2d,Entrada Usinagem Madeira 2,38,2026-09-02T09:40:03.500000+00:00,training-images/63c219d8-fbef-4f3c-a7c9-058c742482e2/nvr/e0c906a9-1b0a-4f3e-b299-715202e28b08/ed40ed2f-7e15-444b-85b2-b1a598965129.jpg,0.5048,0.4500,0.4200,3,1,212,23,sim,nao,vis0.55+den0.25+ctx0.2
0a0b7748-285a-4cd9-82f8-0a992b5c6655,142,0.3818,969102c5-4ebc-4ba0-9f86-48e314493f55,Entrada WC Usinagem Papelão,8,2026-09-02T13:40:04+00:00,training-images/63c219d8-fbef-4f3c-a7c9-058c742482e2/nvr/e0c906a9-1b0a-4f3e-b299-715202e28b08/97973e58-aa98-4fcb-addc-100112dfa552.jpg,0.2714,0.4500,0.6000,1,1,228,55,sim,nao,vis0.55+den0.25+ctx0.2
7cb508ec-11b7-4a45-8dbe-95d9619d28b9,143,0.3622,969102c5-4ebc-4ba0-9f86-48e314493f55,Entrada WC Usinagem Papelão,29,2026-09-02T09:00:00.500000+00:00,training-images/63c219d8-fbef-4f3c-a7c9-058c742482e2/nvr/e0c906a9-1b0a-4f3e-b299-715202e28b08/14a64090-8b25-4457-a5c4-dfa7119f61ca.jpg,0.3012,0.4500,0.4200,3,1,253,50,sim,nao,vis0.55+den0.25+ctx0.2
80d35e53-6b16-4d84-bec7-cd233135c681,144,0.9931,c130d032-4a3a-4d09-ac77-c3121a03a6a7,Espaço de convivência,83,2026-09-01T13:00:01.500000+00:00,training-images/63c219d8-fbef-4f3c-a7c9-058c742482e2/nvr/e0c906a9-1b0a-4f3e-b299-715202e28b08/569bf946-b97c-438d-bce4-51b376b24d63.jpg,1.0000,0.9723,1.0000,12,6,505,64,sim,nao,vis0.55+den0.25+ctx0.2
811acb74-9e84-42ea-99b8-2b82e493ff6b,145,0.9375,c130d032-4a3a-4d09-ac77-c3121a03a6a7,Espaço de convivência,88,2026-09-01T12:20:04+00:00,training-images/63c219d8-fbef-4f3c-a7c9-058c742482e2/nvr/e0c906a9-1b0a-4f3e-b299-715202e28b08/9957e9ae-740c-4397-af12-6b421fc7f8da.jpg,0.9619,0.8336,1.0000,7,3,404,63,sim,nao,vis0.55+den0.25+ctx0.2
9e56acc6-8128-43f6-ba6c-5437cda4687e,146,0.9388,c130d032-4a3a-4d09-ac77-c3121a03a6a7,Espaço de convivência,66,2026-09-01T14:20:05+00:00,training-images/63c219d8-fbef-4f3c-a7c9-058c742482e2/nvr/e0c906a9-1b0a-4f3e-b299-715202e28b08/d731496e-bdc0-41b8-82b2-eb9707f504c5.jpg,1.0000,0.9954,0.7000,12,9,442,67,sim,nao,vis0.55+den0.25+ctx0.2
458e8e1b-14e8-4bac-923e-a16196c44ed4,147,0.9171,c130d032-4a3a-4d09-ac77-c3121a03a6a7,Espaço de convivência,17,2026-09-02T14:20:01+00:00,training-images/63c219d8-fbef-4f3c-a7c9-058c742482e2/nvr/e0c906a9-1b0a-4f3e-b299-715202e28b08/77aa33ac-4253-4d9a-b61b-1c6a81d8efb5.jpg,1.0000,0.9085,0.7000,9,4,536,80,sim,nao,vis0.55+den0.25+ctx0.2
aa834ade-9e97-4423-9415-29dc324f7514,148,0.8784,7abbe027-85e3-474e-a273-8c06e485cf2d,Entrada Usinagem Madeira 2,102,2026-09-01T11:40:04+00:00,training-images/63c219d8-fbef-4f3c-a7c9-058c742482e2/nvr/e0c906a9-1b0a-4f3e-b299-715202e28b08/46759505-3212-4142-9213-d39519a9ee9e.jpg,1.0000,0.8336,0.6000,4,3,423,15,sim,nao,vis0.55+den0.25+ctx0.2
9b41a787-7770-406e-b76d-9960d1e43c56,149,0.8784,7abbe027-85e3-474e-a273-8c06e485cf2d,Entrada Usinagem Madeira 2,3,2026-09-02T16:20:04+00:00,training-images/63c219d8-fbef-4f3c-a7c9-058c742482e2/nvr/e0c906a9-1b0a-4f3e-b299-715202e28b08/44531575-96d3-4d36-bbdd-3b265d4143bc.jpg,1.0000,0.8336,0.6000,4,3,558,32,sim,nao,vis0.55+den0.25+ctx0.2
37b17a0b-c3ed-426e-8b87-6fe0f1a738a9,150,0.8444,eb1501db-82ad-485a-a441-5c665b4e5a28,Entrada Expedição,16,2026-09-01T07:40:03+00:00,training-images/63c219d8-fbef-4f3c-a7c9-058c742482e2/nvr/e0c906a9-1b0a-4f3e-b299-715202e28b08/9a969d89-0182-408b-bbf7-551097db1090.jpg,1.0000,0.6975,0.6000,3,2,712,82,sim,nao,vis0.55+den0.25+ctx0.2
